Theta,Hm,Htmax,Htmin
32.240278,0.486332,1.080001,0.534376
32.186191,0.484568,1.081052,0.532797
32.132275,0.482807,1.082102,0.531223
32.078589,0.481053,1.083154,0.529657
32.025132,0.479306,1.084207,0.528100
31.971847,0.477562,1.085259,0.526547
31.918791,0.475825,1.086312,0.525003
31.865907,0.474091,1.087364,0.523464
31.813252,0.472364,1.088418,0.521933
31.760769,0.472370,1.091199,0.522136
31.708458,0.469947,1.091548,0.519911
31.656434,0.468211,1.092580,0.518376
31.604524,0.465499,1.092630,0.515865
31.552843,0.463795,1.093684,0.514365
31.501334,0.462094,1.094736,0.512868
31.450054,0.460401,1.095792,0.511381
31.398947,0.458711,1.096847,0.509897
31.348011,0.457024,1.097901,0.508419
31.297304,0.455345,1.098959,0.506950
31.246769,0.453669,1.100015,0.505484
31.196406,0.451995,1.101069,0.504023
31.146272,0.450330,1.102129,0.502572
31.096310,0.448667,1.103187,0.501125
31.046520,0.447008,1.104245,0.499682
30.996902,0.445353,1.105302,0.498244
30.947456,0.443700,1.106359,0.496810
30.898239,0.442055,1.107420,0.495386
30.849194,0.440414,1.108481,0.493966
30.800320,0.438776,1.109542,0.492551
30.751619,0.437142,1.110603,0.491141
30.703089,0.435511,1.111663,0.489735
30.654732,0.433883,1.112723,0.488334
30.606603,0.432264,1.113790,0.486942
30.558589,0.430644,1.114851,0.485551
30.510805,0.429032,1.115917,0.484169
30.463135,0.427418,1.116979,0.482787
30.415694,0.425814,1.118046,0.481415
30.368367,0.424208,1.119110,0.480043
30.321270,0.422611,1.120179,0.478680
30.274288,0.421013,1.121244,0.477319
30.227534,0.419424,1.122315,0.475966
30.180896,0.417834,1.123382,0.474614
30.134429,0.416247,1.124449,0.473267
30.088191,0.414669,1.125523,0.471930
30.042068,0.413091,1.126593,0.470593
29.996117,0.411517,1.127665,0.469261
29.950280,0.409942,1.128734,0.467930
29.904673,0.408375,1.129808,0.466609
29.859237,0.406814,1.130885,0.465294
29.813916,0.405251,1.131958,0.463978
29.768767,0.403693,1.133034,0.462668
29.723790,0.402139,1.134110,0.461363
29.678927,0.400585,1.135185,0.460060
29.634294,0.399040,1.136266,0.458766
29.589775,0.397495,1.137345,0.457473
29.545428,0.395954,1.138425,0.456186
29.501196,0.394412,1.139503,0.454899
29.457135,0.392876,1.140584,0.453618
29.413247,0.391344,1.141667,0.452343
29.369530,0.389816,1.142752,0.451073
29.325928,0.388289,1.143836,0.449804
29.282498,0.386766,1.144922,0.448541
29.239182,0.385243,1.146005,0.447278
29.196038,0.383724,1.147092,0.446022
29.153067,0.382211,1.148183,0.444771
29.110209,0.380698,1.149271,0.443522
29.067524,0.379189,1.150361,0.442278
29.024953,0.377682,1.151451,0.441036
28.982554,0.376178,1.152544,0.439799
28.940270,0.374675,1.153635,0.438563
28.898158,0.373178,1.154730,0.437334
28.856160,0.371680,1.155823,0.436106
28.814334,0.370188,1.156920,0.434885
28.772623,0.368695,1.158015,0.433664
28.731083,0.367209,1.159115,0.432449
28.689658,0.365722,1.160212,0.431236
28.648405,0.364241,1.161315,0.430030
28.607267,0.362761,1.162416,0.428824
28.566243,0.361281,1.163516,0.427620
28.525391,0.359807,1.164622,0.426423
28.484654,0.358332,1.165725,0.425227
28.444089,0.356864,1.166834,0.424038
28.403581,0.355392,1.167936,0.422845
28.363302,0.353930,1.169048,0.421663
28.323080,0.352463,1.170154,0.420478
28.283030,0.351003,1.171265,0.419300
28.243095,0.349543,1.172376,0.418125
28.203332,0.348089,1.173491,0.416955
28.163626,0.346632,1.174602,0.415782
28.124092,0.345179,1.175717,0.414616
28.084672,0.343728,1.176831,0.413452
28.045425,0.342283,1.177952,0.412294
28.006234,0.340834,1.179067,0.411134
27.967216,0.339391,1.180188,0.409981
27.928312,0.337949,1.181308,0.408829
27.889580,0.336513,1.182433,0.407684
27.850905,0.335074,1.183555,0.406537
27.812403,0.333641,1.184682,0.405397
27.773957,0.332204,1.185804,0.404254
27.735684,0.330773,1.186932,0.403117
27.697525,0.329343,1.188060,0.401983
27.659480,0.327915,1.189188,0.400852
27.621608,0.326493,1.190322,0.399726
27.583793,0.325068,1.191454,0.398600
27.546092,0.323644,1.192585,0.397475
27.508563,0.322227,1.193722,0.396357
27.471092,0.320806,1.194855,0.395236
27.433792,0.319392,1.195994,0.394123
27.396607,0.317979,1.197135,0.393013
27.359537,0.316568,1.198276,0.391905
27.322524,0.315154,1.199414,0.390794
27.285683,0.313746,1.200557,0.389691
27.248956,0.312340,1.201703,0.388590
27.212344,0.310936,1.202850,0.387492
27.175789,0.309528,1.203992,0.386392
27.139406,0.308128,1.205142,0.385299
27.103138,0.306729,1.206294,0.384209
27.066927,0.305328,1.207442,0.383117
27.030888,0.303932,1.208596,0.382031
26.994907,0.302534,1.209747,0.380945
26.959097,0.301143,1.210905,0.379865
26.923344,0.299750,1.212061,0.378784
26.887706,0.298358,1.213218,0.377705
26.852240,0.296973,1.214382,0.376634
26.816831,0.295585,1.215542,0.375561
26.781480,0.294195,1.216700,0.374487
26.746300,0.292811,1.217866,0.373420
26.711235,0.291430,1.219033,0.372355
26.676227,0.290046,1.220198,0.371290
26.641392,0.288670,1.221370,0.370232
26.606613,0.287290,1.222539,0.369171
26.571949,0.285913,1.223710,0.368115
26.537342,0.284534,1.224880,0.367056
26.502908,0.283161,1.226057,0.366006
26.468530,0.281786,1.227231,0.364953
26.434267,0.280414,1.228407,0.363904
26.400119,0.279044,1.229587,0.362858
26.366085,0.277676,1.230769,0.361815
26.332109,0.276306,1.231948,0.360771
26.298304,0.274943,1.233136,0.359734
26.264500,0.273574,1.234317,0.358692
26.230867,0.272212,1.235506,0.357657
26.197292,0.270847,1.236692,0.356621
26.163831,0.269485,1.237881,0.355588
26.130485,0.268126,1.239074,0.354559
26.097254,0.266769,1.240269,0.353532
26.064079,0.265410,1.241464,0.352505
26.031020,0.264054,1.242660,0.351481
25.998017,0.262696,1.243855,0.350456
25.965129,0.261341,1.245054,0.349434
25.932356,0.259988,1.246255,0.348416
25.899698,0.258638,1.247461,0.347401
25.867096,0.257286,1.248664,0.346385
25.834610,0.255937,1.249871,0.345372
25.802180,0.254587,1.251078,0.344359
25.769865,0.253239,1.252287,0.343349
25.737608,0.251889,1.253495,0.342338
25.705522,0.250546,1.254711,0.341335
25.673437,0.249198,1.255921,0.340326
25.641523,0.247857,1.257140,0.339326
25.609666,0.246514,1.258358,0.338325
25.577867,0.245170,1.259575,0.337323
25.546183,0.243828,1.260796,0.336324
25.514613,0.242490,1.262020,0.335329
25.483100,0.241150,1.263244,0.334334
25.451702,0.239813,1.264472,0.333342
25.420361,0.238474,1.265698,0.332349
25.389135,0.237139,1.266929,0.331360
25.357966,0.235802,1.268159,0.330371
25.326912,0.234468,1.269393,0.329385
25.295915,0.233133,1.270626,0.328398
25.265032,0.231800,1.271863,0.327415
25.234207,0.230467,1.273100,0.326432
25.203497,0.229136,1.274341,0.325452
25.172843,0.227804,1.275581,0.324471
25.142305,0.226476,1.276827,0.323495
25.111823,0.225146,1.278071,0.322518
25.081457,0.223819,1.279320,0.321545
25.051147,0.222491,1.280569,0.320571
25.020895,0.221162,1.281817,0.319597
24.990757,0.219836,1.283070,0.318627
24.960734,0.218514,1.284327,0.317660
24.930769,0.217190,1.285584,0.316693
24.900860,0.215865,1.286841,0.315726
24.871009,0.214539,1.288098,0.314759
24.841273,0.213216,1.289360,0.313795
24.811651,0.211897,1.290626,0.312835
24.782086,0.210576,1.291892,0.311875
24.752579,0.209254,1.293159,0.310915
24.723129,0.207932,1.294425,0.309954
24.693793,0.206613,1.295696,0.308997
24.664573,0.205297,1.296972,0.308044
24.635352,0.203975,1.298244,0.307087
24.606245,0.202658,1.299520,0.306134
24.577254,0.201345,1.300803,0.305187
24.548262,0.200024,1.302079,0.304232
24.519385,0.198707,1.303361,0.303282
24.490623,0.197394,1.304648,0.302336
24.461860,0.196076,1.305931,0.301386
24.433212,0.194762,1.307220,0.300441
24.404679,0.193451,1.308512,0.299499
24.376146,0.192135,1.309801,0.298553
24.347727,0.190822,1.311096,0.297611
24.319366,0.189509,1.312391,0.296669
24.291119,0.188199,1.313691,0.295731
24.262929,0.186888,1.314992,0.294793
24.234797,0.185577,1.316293,0.293855
24.206722,0.184264,1.317595,0.292918
24.178762,0.182956,1.318903,0.291984
24.150801,0.181642,1.320207,0.291046
24.122956,0.180332,1.321516,0.290112
24.095224,0.179026,1.322831,0.289183
24.067493,0.177715,1.324142,0.288249
24.039877,0.176407,1.325459,0.287320
24.012317,0.175099,1.326776,0.286390
23.984815,0.173790,1.328094,0.285461
23.957428,0.172484,1.329419,0.284536
23.930098,0.171178,1.330744,0.283611
23.902768,0.169868,1.332065,0.282682
23.875610,0.168565,1.333397,0.281762
23.848451,0.167257,1.334726,0.280837
23.821351,0.165949,1.336056,0.279913
23.794364,0.164645,1.337391,0.278993
23.767435,0.163340,1.338727,0.278073
23.740564,0.162035,1.340066,0.277153
23.713749,0.160729,1.341405,0.276234
23.687049,0.159426,1.342750,0.275319
23.660349,0.158120,1.344092,0.274400
23.633764,0.156817,1.345440,0.273485
23.607236,0.155513,1.346789,0.272571
23.580766,0.154209,1.348139,0.271657
23.554352,0.152905,1.349492,0.270743
23.527996,0.151600,1.350845,0.269830
23.501697,0.150295,1.352201,0.268917
23.475513,0.148994,1.353562,0.268008
23.449386,0.147692,1.354925,0.267099
23.423260,0.146386,1.356285,0.266187
23.397247,0.145083,1.357651,0.265279
23.371292,0.143928,1.359166,0.264519
23.345395,0.142652,1.360562,0.263639
23.319611,0.141347,1.361932,0.262731
23.293828,0.140031,1.363293,0.261813
23.268103,0.138570,1.364511,0.260750
23.242491,0.137270,1.365892,0.259848
23.216880,0.135966,1.367270,0.258943
23.191383,0.134665,1.368655,0.258043
23.165944,0.133364,1.370042,0.257142
23.140562,0.132063,1.371430,0.256243
23.115180,0.130757,1.372817,0.255339
23.089913,0.129456,1.374209,0.254441
23.064703,0.128154,1.375604,0.253542
23.039550,0.126852,1.377000,0.252644
23.014454,0.125550,1.378398,0.251747
22.989416,0.124247,1.379798,0.250850
22.964492,0.122949,1.381205,0.249958
22.939569,0.121646,1.382610,0.249062
22.914702,0.120343,1.384017,0.248167
22.889893,0.119040,1.385426,0.247272
22.865141,0.117737,1.386837,0.246378
22.840504,0.116437,1.388255,0.245488
22.815867,0.115134,1.389671,0.244595
22.791287,0.113830,1.391089,0.243702
22.766822,0.112531,1.392514,0.242814
22.742356,0.111227,1.393936,0.241923
22.717948,0.109923,1.395361,0.241032
22.693598,0.108619,1.396789,0.240142
22.669362,0.107319,1.398222,0.239257
22.645126,0.106015,1.399654,0.238368
22.620947,0.104711,1.401090,0.237480
22.596825,0.103407,1.402526,0.236592
22.572818,0.102106,1.403970,0.235709
22.548811,0.100802,1.405412,0.234822
22.524862,0.099498,1.406857,0.233937
22.500969,0.098193,1.408303,0.233052
22.477134,0.096889,1.409753,0.232167
22.453357,0.095585,1.411205,0.231284
22.429636,0.094280,1.412660,0.230401
22.405973,0.092976,1.414118,0.229519
22.382310,0.091668,1.415573,0.228633
22.358761,0.090363,1.417036,0.227752
22.335270,0.089059,1.418502,0.226872
22.311779,0.087751,1.419966,0.225989
22.288402,0.086446,1.421437,0.225110
22.265025,0.085138,1.422906,0.224228
22.241763,0.083834,1.424383,0.223351
22.218501,0.082526,1.425858,0.222471
22.195296,0.081218,1.427336,0.221591
22.172149,0.079910,1.428817,0.220713
22.149116,0.078606,1.430304,0.219838
22.126026,0.077294,1.431787,0.218957
22.103050,0.076012,1.433302,0.218106
22.080132,0.074703,1.434793,0.217229
22.057271,0.073393,1.436286,0.216351
22.034410,0.072081,1.437779,0.215473
22.011606,0.070768,1.439275,0.214594
21.988917,0.069459,1.440777,0.213720
21.966228,0.068146,1.442279,0.212842
21.943596,0.066834,1.443784,0.211966
21.921021,0.065526,1.445296,0.211095
21.898504,0.064213,1.446806,0.210220
21.875987,0.062897,1.448317,0.209343
21.853584,0.061585,1.449833,0.208469
21.831182,0.060270,1.451350,0.207594
21.808836,0.058945,1.452860,0.206710
21.786548,0.057631,1.454384,0.205837
21.764318,0.056318,1.455912,0.204966
21.742144,0.055002,1.457440,0.204092
21.719971,0.053686,1.458970,0.203219
21.697912,0.052375,1.460510,0.202352
21.675853,0.051066,1.462054,0.201488
21.653851,0.049746,1.463590,0.200614
21.631907,0.048427,1.465131,0.199741
21.610020,0.047108,1.466675,0.198869
21.588133,0.045789,1.468221,0.197998
21.566361,0.044471,1.469772,0.197128
21.544588,0.043151,1.471324,0.196257
21.522873,0.041831,1.472879,0.195387
21.501215,0.040512,1.474438,0.194519
21.479557,0.039189,1.475997,0.193647
21.458014,0.037870,1.477563,0.192780
21.436471,0.036548,1.479128,0.191911
21.414985,0.035226,1.480698,0.191042
21.393557,0.033904,1.482270,0.190174
21.372128,0.032578,1.483842,0.189304
21.350814,0.031257,1.485422,0.188438
21.329500,0.029932,1.487001,0.187569
21.308243,0.028607,1.488584,0.186702
21.287044,0.027286,1.490174,0.185839
21.265844,0.025958,1.491761,0.184970
21.244702,0.024631,1.493351,0.184102
21.223617,0.023303,1.494944,0.183234
21.202590,0.021976,1.496542,0.182368
21.181619,0.020649,1.498143,0.181502
21.160649,0.019318,1.499744,0.180634
21.139736,0.017988,1.501348,0.179767
21.118881,0.016658,1.502956,0.178901
21.098082,0.015328,1.504568,0.178036
21.077284,0.013995,1.506180,0.177168
21.056543,0.012662,1.507796,0.176301
21.035859,0.011330,1.509415,0.175436
21.015232,0.009997,1.511039,0.174571
20.994606,0.008661,1.512662,0.173703
20.974094,0.007329,1.514293,0.172840
20.953525,0.005990,1.515920,0.171972
20.933070,0.004655,1.517555,0.171107
20.912616,0.003317,1.519190,0.170240
20.892218,0.001979,1.520829,0.169374
20.871878,0.000641,1.522471,0.168509
